Municipio,Grupo_Area,Numero_Estabelecimentos,Area_Estabelecimentos_ha
"Uberaba","De 20 a menos de 50 ha",,
"Uberaba","De 50 a menos de 100 ha",,
"Uberaba","De 100 a menos de 200 ha",,
"Uberlândia","De 20 a menos de 50 ha",,
"Uberlândia","De 50 a menos de 100 ha",,
"Uberlândia","De 100 a menos de 200 ha",,
"Patos de Minas","De 20 a menos de 50 ha",,
"Patos de Minas","De 50 a menos de 100 ha",,
"Patos de Minas","De 100 a menos de 200 ha",,
"Patrocínio","De 20 a menos de 50 ha",,
"Patrocínio","De 50 a menos de 100 ha",,
"Patrocínio","De 100 a menos de 200 ha",,
"Unaí","De 20 a menos de 50 ha",,
"Unaí","De 50 a menos de 100 ha",,
"Unaí","De 100 a menos de 200 ha",,
"Paracatu","De 20 a menos de 50 ha",,
"Paracatu","De 50 a menos de 100 ha",,
"Paracatu","De 100 a menos de 200 ha",,
"João Pinheiro","De 20 a menos de 50 ha",,
"João Pinheiro","De 50 a menos de 100 ha",,
"João Pinheiro","De 100 a menos de 200 ha",,
"Frutal","De 20 a menos de 50 ha",,
"Frutal","De 50 a menos de 100 ha",,
"Frutal","De 100 a menos de 200 ha",,
"Monte Carmelo","De 20 a menos de 50 ha",,
"Monte Carmelo","De 50 a menos de 100 ha",,
"Monte Carmelo","De 100 a menos de 200 ha",,
"Curvelo","De 20 a menos de 50 ha",,
"Curvelo","De 50 a menos de 100 ha",,
"Curvelo","De 100 a menos de 200 ha",,
